Raw_Taxon,Stele Diameter,Stele Area,No Primary Metaxylem Vessels,Primary Metaxylem Diameter,Primary Metaxylem Area,Endodermal Thickening,Endodermal Cell Depth
Andropogon tectorum,419.673,138328.729,11,55.976,2460.892,2.698,14.512
Andropogon tectorum,,,,52.605,2173.419,3.323,16.18
Andropogon tectorum,,,,49.789,1946.997,2.043,9.877
Andropogon tectorum,,,,61.363,2957.314,2.204,14.301
Andropogon tectorum,,,,67.177,3544.325,2.733,15.281
Andropogon tectorum,,,,64.587,3276.301,2.538,12.696
Andropogon tectorum,,,,57.723,2616.901,2.691,12.448
Andropogon tectorum,,,,38.381,1156.966,2.792,15.281
Andropogon tectorum,,,,51.208,2059.532,2.858,14.472
Andropogon tectorum,,,,45.947,1658.068,2.337,11.801
Andropogon tectorum,,,,53.931,2284.393,1.732,16.016
Andropogon tectorum,,,,,,1.651,16.777
Andropogon tectorum,,,,,,2.971,18.57
Andropogon tectorum,,,,,,3.407,12.656
Andropogon tectorum,,,,,,2.62,14.339
Andropogon tectorum,,,,,,3.098,14.031
Andropogon tectorum,,,,,,2.591,13.394
Andropogon tectorum,,,,,,2.284,11.306
Andropogon tectorum,,,,,,2.261,11.178
Andropogon tectorum,,,,,,2.27,10.488
Andropogon tectorum,,,,,,2.315,11.509
Andropogon tectorum,,,,,,1.953,6.99
Andropogon tectorum,,,,,,2.865,10.815
Andropogon tectorum,,,,,,2.764,10.16
Anomochloa marantoidea,540.161,229158.509,21,36.853,1066.707,9.487,21.591
Anomochloa marantoidea,,,,29.33,675.661,10.417,18.862
Anomochloa marantoidea,,,,32.461,827.564,9.577,19.335
Anomochloa marantoidea,,,,32.048,806.673,10.315,25.215
Anomochloa marantoidea,,,,32.135,811.044,6.677,20.411
Anomochloa marantoidea,,,,28.173,623.377,5.9,20.806
Anomochloa marantoidea,,,,28.867,654.498,5.903,19.672
Anomochloa marantoidea,,,,35.492,989.351,7.429,17.801
Anomochloa marantoidea,,,,26.691,559.522,9.626,24.377
Anomochloa marantoidea,,,,26.726,561.01,10.377,18.197
Anomochloa marantoidea,,,,33.692,891.556,7.857,19.529
Anomochloa marantoidea,,,,29.188,669.12,,
Anomochloa marantoidea,,,,30.839,746.937,,
Anomochloa marantoidea,,,,35.15,970.39,,
Anomochloa marantoidea,,,,25.399,506.651,,
Anomochloa marantoidea,,,,28.613,643.02,,
Anomochloa marantoidea,,,,26.597,555.58,,
Anomochloa marantoidea,,,,27.118,577.571,,
Anomochloa marantoidea,,,,20.41,327.16,,
Anomochloa marantoidea,,,,20.344,325.063,,
Anomochloa marantoidea,,,,21.522,363.794,,
Anomochloa marantoidea,,,,21.636,367.662,,
Aristida purpurea,345.636,93827.065,10,24.534,473.753,5.279,17.564
Aristida purpurea,,,,29.764,695.765,7.68,18.961
Aristida purpurea,,,,27.157,579.238,7.527,18.237
Aristida purpurea,,,,33.253,868.443,5.785,19.192
Aristida purpurea,,,,25.963,529.407,6.794,19.157
Aristida purpurea,,,,19.511,298.974,5.515,15.583
Aristida purpurea,,,,17.538,241.575,6.127,17.311
Aristida purpurea,,,,31.575,783.047,4.955,16.5
Aristida purpurea,,,,25.713,519.271,,
Aristida purpurea,,,,568.777,568.777,,
Aristida ternipes,331.343,86227.622,6,57.587,2604.595,3.3,16.719
Aristida ternipes,,,,48.951,1882.007,4.494,17.425
Aristida ternipes,,,,37.297,1092.566,6.156,17.705
Aristida ternipes,,,,55.18,2391.447,4.487,15.918
Aristida ternipes,,,,46.4,1690.955,4.013,17.911
Aristida ternipes,,,,44.63,1564.397,3.7,13.944
Aristida ternipes,,,,,,4.497,15.911
Arundinaria gigantea,506.1,201169.591,13,62.616,3079.365,10.813,18.144
Arundinaria gigantea,,,,44.922,1584.925,7.301,19.504
Arundinaria gigantea,,,,52.172,2137.822,8.122,23.089
Arundinaria gigantea,,,,59.085,2741.865,7.866,18.189
Arundinaria gigantea,,,,50.071,1969.046,14.749,24.053
Arundinaria gigantea,,,,36.038,1020.015,9.207,21.143
Arundinaria gigantea,,,,56.414,2499.53,8.819,16.994
Arundinaria gigantea,,,,57.821,2625.82,11.989,18.717
Arundinaria gigantea,,,,62.55,3072.891,8.994,18.41
Arundinaria gigantea,,,,56.631,2518.797,12.155,17.964
Arundinaria gigantea,,,,64.012,3218.213,,
Arundinaria gigantea,,,,54.752,2354.441,,
Arundinaria gigantea,,,,46.522,1699.852,,
Arundinella deppeana,245.957,47512.6863,3,37.804,1122.45,4.665,16.854
Arundinella deppeana,,,,47.8,1794.484,3.523,19.244
Arundinella deppeana,,,,46.291,1683.03,3.363,18.161
Arundinella deppeana,,,,,,5.322,16.512
Arundinella deppeana,,,,,,5.401,20.19
Arundinella deppeana,,,,,,5.628,19.833
Bambusa bambos,218.357,37447.554,3,24.392,467.3,6.021,14.991
Bambusa bambos,,,,25.603,514.831,5.703,17.283
Bambusa bambos,,,,25.392,506.406,5.207,17.041
Bambusa bambos,,,,,,4.888,15.002
Bambusa bambos,,,,,,7.155,18.517
Bambusa bambos,,,,,,5.55,16.593
Bouteloua curtipendula,410.395,132279.703,8,25.481,509.932,2.959,9.73
Bouteloua curtipendula,,,,22.453,395.931,1.6,11.352
Bouteloua curtipendula,,,,23.09,418.719,2.071,13.26
Bouteloua curtipendula,,,,26.317,543.967,1.845,15.875
Bouteloua curtipendula,,,,27.614,598.912,2.009,12.699
Bouteloua curtipendula,,,,26.95,570.444,2.795,13.721
Bouteloua curtipendula,,,,27.265,583.829,2.009,12.739
Bouteloua curtipendula,,,,24.998,490.803,1.382,11.367
Bouteloua curtipendula,,,,,,2.861,13.203
Brachyelytrum erectum,307.394,74213.194,10,31.713,789.894,3.679,12.007
Brachyelytrum erectum,,,,31.075,758.443,3.735,11.55
Brachyelytrum erectum,,,,36.844,1066.164,4.991,11.497
Brachyelytrum erectum,,,,39.692,1237.35,3.658,13.375
Brachyelytrum erectum,,,,35.624,996.742,3.95,12.854
Brachyelytrum erectum,,,,37.204,1087.115,3.179,13.748
Brachyelytrum erectum,,,,34.21,919.174,2.977,11.774
Brachyelytrum erectum,,,,34.451,932.166,3.719,14.079
Brachyelytrum erectum,,,,37.791,1121.662,3.737,14.288
Brachyelytrum erectum,,,,30.057,709.547,4.028,13.568
Brachyelytrum erectum,,,,,,3.555,12.448
Brachyelytrum erectum,,,,,,3.584,11.42
Brachyelytrum erectum,,,,,,3.023,13.763
Brachyelytrum erectum,,,,,,3.737,16.517
Brachyelytrum erectum,,,,,,4.09,13.222
Brachyelytrum erectum,,,,,,3.074,10.859
Brachyelytrum erectum,,,,,,3.95,12.401
Brachyelytrum erectum,,,,,,2.883,12.636
Bromus inermis,169.01,22434.481,4,33.332,872.615,20.916,27.519
Bromus inermis,,,,23.327,427.377,18.722,26.131
Bromus inermis,,,,18.511,269.122,16.643,24.656
Bromus inermis,,,,29.047,662.663,18.96,26.274
Bromus inermis,,,,,,17.518,28.029
Bromus inermis,,,,,,17.393,25.603
Bromus inermis,,,,,,17.015,24.548
Bromus tectorum,186.414,27292.696,6,22.078,382.847,4.712,10.005
Bromus tectorum,,,,23.638,438.854,4.052,7.596
Bromus tectorum,,,,23.32,427.128,2.772,7.417
Bromus tectorum,,,,23.035,416.389,5.129,14.817
Bromus tectorum,,,,19.43,296.496,4.95,12.991
Bromus tectorum,,,,24.985,490.285,4.863,15.292
Bromus tectorum,,,,,,4.743,12.152
Bromus vulgaris,220.436,38164.073,17,15.212,181.734,3.862,18.987
Bromus vulgaris,,,,16.685,218.652,2.915,13.405
Bromus vulgaris,,,,23.473,432.723,2.643,15.186
Bromus vulgaris,,,,17.938,252.707,3.108,18.343
Bromus vulgaris,,,,16.524,214.448,2.81,11.529
Bromus vulgaris,,,,17.59,243.011,2.32,13.728
Bromus vulgaris,,,,19.874,310.2,2.263,19.348
Bromus vulgaris,,,,12.628,125.237,2.814,15.333
Bromus vulgaris,,,,10.925,93.739,3.334,16.275
Bromus vulgaris,,,,13.933,152.459,3.788,15.553
Bromus vulgaris,,,,13.691,147.207,3.365,19.87
Bromus vulgaris,,,,13.97,153.276,,
Bromus vulgaris,,,,14.312,160.876,,
Bromus vulgaris,,,,13.304,139.021,,
Bromus vulgaris,,,,13.567,144.555,,
Bromus vulgaris,,,,14.483,167.733,,
Bromus vulgaris,,,,14.15,157.259,,
Centotheca lappaceae,233.973,42995.17,,,,,
Centotheca lappaceae,,,9,42.144,1394.958,3.276,9.3
Centotheca lappaceae,,,,30.957,752.667,3.156,8.357
Centotheca lappaceae,,,,25.998,530.848,3.341,7.637
Centotheca lappaceae,,,,37.334,1094.718,3.43,9.671
Centotheca lappaceae,,,,37.114,1081.821,3.932,10.995
Centotheca lappaceae,,,,45.034,1592.856,3.986,10.779
Centotheca lappaceae,,,,43.809,1507.363,4.226,10.058
Centotheca lappaceae,,,,32.564,832.83,,
Centotheca lappaceae,,,,49.49,1923.674,,
Centropodia mossamadensis,927.46,675585.094,12,59.613,2791.089,7.312,27.344
Centropodia mossamadensis,,,,64.151,3232.165,4.275,27.347
Centropodia mossamadensis,,,,73.762,4273.276,4.703,30.695
Centropodia mossamadensis,,,,64.887,3306.817,6.232,30.591
Centropodia mossamadensis,,,,68.825,3720.368,2.868,23.378
Centropodia mossamadensis,,,,58.703,2706.552,4.112,22.071
Centropodia mossamadensis,,,,57.633,2608.725,4.884,25.209
Centropodia mossamadensis,,,,66.359,3458.563,2.116,28.127
Centropodia mossamadensis,,,,54.117,2300.12,4.2,29.92
Centropodia mossamadensis,,,,66.87,3511.947,3.976,24.019
Centropodia mossamadensis,,,,65.43,3362.371,5.704,28.613
Centropodia mossamadensis,,,,70.999,3959.135,5.744,32.958
Centropodia mossamadensis,,,,64.154,3232.448,,
Chasmanthium latifolium,147.61,17112.851,4,39.998,1256.502,0.775,9.58
Chasmanthium latifolium,,,,40.829,1309.268,0.594,9.31
Chasmanthium latifolium,,,,20.987,345.922,1.396,9.985
Chasmanthium latifolium,,,,15.982,200.602,0.913,9.688
Chasmanthium latifolium,,,,,,0.956,10.904
Chasmanthium latifolium,,,,,,1.099,10.163
Chasmanthium latifolium,,,,,,0.594,6.997
Chasmanthium latifolium,,,,,,0.695,7.682
Chionochloa bromoides,422.013,139875.77,13,28.596,642.265,13.669,20.059
Chionochloa bromoides,,,,33.47,879.858,14.006,16.342
Chionochloa bromoides,,,,34.156,916.261,18.369,19.705
Chionochloa bromoides,,,,33.273,869.491,14.358,16.519
Chionochloa bromoides,,,,39.135,1202.898,11.048,18.928
Chionochloa bromoides,,,,29.868,700.66,11.211,15.649
Chionochloa bromoides,,,,41.343,1342.422,13.228,17.917
Chionochloa bromoides,,,,43.248,1469.022,14.757,20.458
Chionochloa bromoides,,,,32.578,833.538,13.068,17.982
Chionochloa bromoides,,,,34.76,948.965,12.1,17.601
Chionochloa bromoides,,,,32.068,807.659,,
Chionochloa bromoides,,,,28.443,635.389,,
Chionochloa bromoides,,,,32.008,804.629,,
Chusquea liebmannii,1196.199,1123819.978,17,49.684,1938.788,4.896,15.267
Chusquea liebmannii,,,,82.422,5335.57,5.339,12.483
Chusquea liebmannii,,,,51.46,2079.852,3.286,12.697
Chusquea liebmannii,,,,61.661,2986.145,2.72,14.279
Chusquea liebmannii,,,,76.99,4655.382,2.181,11.987
Chusquea liebmannii,,,,55.536,2422.236,2.528,14.474
Chusquea liebmannii,,,,75.14,4434.424,2.151,16.225
Chusquea liebmannii,,,,68.352,3669.416,1.884,16.185
Chusquea liebmannii,,,,77.705,4742.255,4.605,15.09
Chusquea liebmannii,,,,56.333,2492.418,3.204,13.088
Chusquea liebmannii,,,,62.314,3049.739,3.38,14.486
Chusquea liebmannii,,,,74.733,4386.511,4.156,15.416
Chusquea liebmannii,,,,68.224,3655.685,3.011,15.06
Chusquea liebmannii,,,,74.566,4366.826,3.244,12.245
Chusquea liebmannii,,,,75.97,4532.88,2.234,12.975
Chusquea liebmannii,,,,73.59,4253.277,,
Chusquea liebmannii,,,,40.232,1271.271,,
Cortaderia jubata,1142.03,1024341.011,11,66.544,3477.87,8.056,21.039
Cortaderia jubata,,,,72.4,4116.908,8.018,22.418
Cortaderia jubata,,,,75.961,4531.842,7.852,24.708
Cortaderia jubata,,,,76.386,4582.7,6.509,27.576
Cortaderia jubata,,,,89.155,6242.838,6.325,24.555
Cortaderia jubata,,,,83.878,5525.68,6.239,23.637
Cortaderia jubata,,,,65.743,3394.571,5.479,24.145
Cortaderia jubata,,,,65.481,3367.591,6.325,22.514
Cortaderia jubata,,,,65.104,3328.934,7.437,22.94
Cortaderia jubata,,,,61.038,2926.095,8.364,22.306
Cortaderia jubata,,,,,,5.767,25.861
Cortaderia jubata,,,,,,5.888,21.62
Danthonia californica,294.453,68096.012,9,33.498,881.297,3.967,12.446
Danthonia californica,,,,37.178,1085.591,3.888,14.824
Danthonia californica,,,,30.955,752.563,4.017,11.776
Danthonia californica,,,,32.908,850.537,3.31,13.24
Danthonia californica,,,,23.836,446.213,3.182,10.172
Danthonia californica,,,,23.503,433.836,2.329,15.735
Danthonia californica,,,,18.284,262.564,3.666,15.889
Danthonia californica,,,,35.908,1012.683,3.391,12.98
Danthonia californica,,,,34.705,945.937,4.064,13.52
Danthonia californica,,,,,,4.244,15.494
Danthonia spicata,234.283,43109.343,11,23.063,417.767,2.679,16.233
Danthonia spicata,,,,22.939,413.269,3.958,8.202
Danthonia spicata,,,,23.252,424.632,4.098,12.059
Danthonia spicata,,,,22.591,400.84,3.53,7.354
Danthonia spicata,,,,24.158,458.356,2.763,13.199
Danthonia spicata,,,,22.196,386.929,4.261,13.808
Danthonia spicata,,,,17.641,244.415,3.383,15.506
Danthonia spicata,,,,18.548,270.208,2.772,16.678
Danthonia spicata,,,,18.125,258.014,3.925,16.716
Danthonia spicata,,,,21.273,355.415,,
Danthonia spicata,,,,17.79,248.575,,
Diarrhena obovata,332.007,86573.28,10,37.49,1103.902,10.013,12.825
Diarrhena obovata,,,,30.073,710.288,9.248,12.575
Diarrhena obovata,,,,31.73,790.718,9.648,12.294
Diarrhena obovata,,,,34.138,915.322,7.885,11.815
Diarrhena obovata,,,,29.805,697.711,9.029,11.489
Diarrhena obovata,,,,22.455,396.023,8.876,11.097
Diarrhena obovata,,,,37.194,1086.541,11.529,15.45
Diarrhena obovata,,,,32.424,825.706,9.452,14.562
Diarrhena obovata,,,,30.361,723.954,8.486,12.951
Diarrhena obovata,,,,31.963,802.379,7.042,11.437
Diarrhena obovata,,,,,,7.986,10.631
Diarrhena obovata,,,,,,9.432,14.094
Diarrhena obovata,,,,,,8.405,13.193
Diarrhena obovata,,,,,,9.554,13.639
Digitaria eriantha,332.622,86894.227,8,20.956,344.906,2.601,21.901
Digitaria eriantha,,,,18.721,275.254,3.316,21.975
Digitaria eriantha,,,,32.595,834.44,2.303,23.531
Digitaria eriantha,,,,33.442,878.338,2.129,22.927
Digitaria eriantha,,,,34.705,945.988,0.65,23.14
Digitaria eriantha,,,,31.151,762.146,1.05,25.085
Digitaria eriantha,,,,32.99,754.764,1.134,20.806
Digitaria eriantha,,,,35.101,967.664,1.258,22.638
Digitaria eriantha,,,,,,5.537,21.671
Digitaria eriantha,,,,,,2.031,20.547
Distichlis spicata,148.682,17362.329,4,30.664,738.515,3.619,10.577
Distichlis spicata,,,,28.652,644.743,3.227,8.701
Distichlis spicata,,,,27.611,598.776,3.188,9.686
Distichlis spicata,,,,30.94,752.14,3.276,10.899
Distichlis spicata,,,,,,1.791,9.41
Distichlis spicata,,,,,,4.365,10.056
Distichlis spicata,,,,,,3.938,9.004
Distichlis spicata,,,,,,2.577,7.036
Ehrharta erecta,230.104,41585.194,7,35.665,998.995,8.422,16.932
Ehrharta erecta,,,,35.307,979.079,9.164,19.267
Ehrharta erecta,,,,34.504,935.024,6.898,15.672
Ehrharta erecta,,,,35.23,974.813,7.73,18.122
Ehrharta erecta,,,,36.425,1042.044,7.514,18.426
Ehrharta erecta,,,,33.567,884.962,8.923,16.642
Ehrharta erecta,,,,31.386,773.697,8.484,15.854
Ehrharta erecta,,,,,,6.07,15.092
Ehrharta stipoides,344.966,93463.764,6,45.01,1591.125,10.528,16.29
Ehrharta stipoides,,,,35.616,996.28,10.324,14.778
Ehrharta stipoides,,,,40.421,1283.221,10.779,14.854
Ehrharta stipoides,,,,28.752,649.267,12.432,16.778
Ehrharta stipoides,,,,25.437,508.202,10.56,13.298
Ehrharta stipoides,,,,21.267,355.22,12.92,16.399
Ehrharta stipoides,,,,,,8.895,13.554
Ehrharta stipoides,,,,,,11.543,16.005
Ehrharta stipoides,,,,,,13.199,17.182
Ehrharta stipoides,,,,,,10.56,14.065
Eleusine multiflora,246.186,47601.09,7,30.247,718.542,2.667,11.06
Eleusine multiflora,,,,32.973,853.915,2.233,10.306
Eleusine multiflora,,,,34.441,931.628,1.577,8.938
Eleusine multiflora,,,,29.964,705.167,2.194,10.734
Eleusine multiflora,,,,28.041,617.56,2.08,10.223
Eleusine multiflora,,,,26.429,548.589,1.571,10.495
Eleusine multiflora,,,,25.65,516.714,1.414,9.497
Eleusine multiflora,,,,,,1.643,10.269
Eleusine multiflora,,,,,,1.535,10.534
Eleusine multiflora,,,,,,1.974,12.709
Eleusine multiflora,,,,,,1.762,8.963
Elionurus barbiculmis,777.234,474453.103,20,43.593,1492.515,11.871,15.432
Elionurus barbiculmis,,,,34.832,952.918,11.42,53.3
Elionurus barbiculmis,,,,51.728,2101.521,8.38,50.253
Elionurus barbiculmis,,,,46.697,1712.617,17.116,54.469
Elionurus barbiculmis,,,,43.819,1508.066,12.662,48.595
Elionurus barbiculmis,,,,45.842,1650.488,10.967,53.571
Elionurus barbiculmis,,,,37.358,1096.093,12.045,44.927
Elionurus barbiculmis,,,,44.27,1539.263,11.628,44.234
Elionurus barbiculmis,,,,47.701,1787.11,10.782,48.838
Elionurus barbiculmis,,,,46.935,1730.165,10.198,45.228
Elionurus barbiculmis,,,,40.836,1309.726,12.552,46.107
Elionurus barbiculmis,,,,35.025,936.485,10.763,52.78
Elionurus barbiculmis,,,,44.722,1570.806,12.695,49.842
Elionurus barbiculmis,,,,38.452,1161.28,9.984,43.925
Elionurus barbiculmis,,,,43.491,1485.559,14.468,48.975
Elionurus barbiculmis,,,,46.621,1707.096,13.644,57.558
Elionurus barbiculmis,,,,43.921,1515.055,13.985,52.535
Elionurus barbiculmis,,,,41.216,1334.209,,
Elionurus barbiculmis,,,,40.539,1290.722,16.817,47.318
Elionurus barbiculmis,,,,40.723,1302.504,9.328,49.111
Elionurus barbiculmis,,,,,,15.106,53.596
Elionurus barbiculmis,,,,,,11.597,52.49
Elionurus barbiculmis,,,,,,15.255,48.646
Elymus repens,175.379,24157.227,7,26.394,547.122,4.936,12.131
Elymus repens,,,,26.75,561.985,4.567,11.026
Elymus repens,,,,29.946,704.339,6.021,14.027
Elymus repens,,,,25.953,529.03,3.636,14
Elymus repens,,,,28.735,648.523,5.366,13.568
Elymus repens,,,,28.153,622.518,4.195,11.315
Elymus repens,,,,17.751,247.466,3.988,13.149
Elymus repens,,,,,,4.603,11.855
Elytrophorus spicatus,161.798,20560.607,2,28.975,659.382,3.23,8.448
Elytrophorus spicatus,,,,39.041,1197.081,2.603,8.665
Elytrophorus spicatus,,,,,,3.046,6.906
Elytrophorus spicatus,,,,,,3.717,8.164
Elytrophorus spicatus,,,,,,2.789,5.729
Elytrophorus spicatus,,,,,,2.494,6.916
Elytrophorus spicatus,,,,,,2.099,7.777
Elytrophorus spicatus,,,,,,2.268,6.089
Elytrophorus spicatus,,,,,,3.155,8.709
Eragrostis minor,260.483,53290.514,4,54.486,2331.638,6.035,11.752
Eragrostis minor,,,,58.817,2717.059,5.238,13.334
Eragrostis minor,,,,48.46,1844.421,7.295,15.25
Eragrostis minor,,,,51.47,2080.619,7.847,13.341
Eragrostis minor,,,,,,9.167,14.424
Eragrostis minor,,,,,,6.011,13.702
Eragrostis minor,,,,,,5.201,16.298
Eragrostis minor,,,,,,5.344,14.78
Eragrostis minor,,,,,,4.866,16.807
Eragrostis minor,,,,,,4.682,18.52
Eragrostis walteri,117.752,10889.96,1,37.168,1085.009,1.53,12.599
Eragrostis walteri,,,,,,1.607,9.793
Eragrostis walteri,,,,,,1.6,7.444
Eragrostis walteri,,,,,,2.144,8.57
Eragrostis walteri,,,,,,1.56,10.479
Eragrostis walteri,,,,,,1.805,9.534
Eragrostis walteri,,,,,,1.855,10.169
Eriachne aristidea,239.847,45181.3,7,74.026,4303.831,2.512,13.156
Eriachne aristidea,,,,63.567,3173.582,1.945,7.129
Eriachne aristidea,,,,67.547,3583.486,1.247,8.497
Eriachne aristidea,,,,64.138,3230.928,1.558,9.445
Eriachne aristidea,,,,31.816,795.039,1.828,11.766
Eriachne aristidea,,,,35.853,1009.56,1.96,12.177
Eriachne aristidea,,,,35.141,969.907,2.031,18.771
Eriachne aristidea,,,,,,1.97,18.807
Eriachne mucronata,373.125,109344.755,20,41.924,1380.408,11.03,17.331
Eriachne mucronata,,,,27.882,610.558,10.442,15.729
Eriachne mucronata,,,,39.421,1220.497,10.642,16.471
Eriachne mucronata,,,,41.101,1326.752,13.319,16.333
Eriachne mucronata,,,,36.381,1039.538,10.069,16.886
Eriachne mucronata,,,,44.838,1579.029,12.616,19.713
Eriachne mucronata,,,,35.493,989.393,11.335,16.949
Eriachne mucronata,,,,35.741,1003.303,12.304,17.801
Eriachne mucronata,,,,38.049,1137.041,10.605,20.222
Eriachne mucronata,,,,23.4,430.071,9.661,17.623
Eriachne mucronata,,,,35.135,969.541,9.723,16.682
Eriachne mucronata,,,,40.158,1266.596,,
Eriachne mucronata,,,,32.039,806.223,,
Eriachne mucronata,,,,26.392,547.069,,
Eriachne mucronata,,,,22.621,401.906,,
Eriachne mucronata,,,,24.509,471.768,,
Eriachne mucronata,,,,24.222,460.783,,
Eriachne mucronata,,,,24.833,484.325,,
Eriachne mucronata,,,,28.96,658.68,,
Eriachne mucronata,,,,24.044,454.053,,
Eriachne mucronata,,,,30.817,745.868,,
Eriachne obtusa,351.662,97127.355,10,36.267,1033.042,13.203,17.327
Eriachne obtusa,,,,48.492,1846.839,15.336,19.63
Eriachne obtusa,,,,45.598,1633.002,15.042,16.985
Eriachne obtusa,,,,50.022,1956.25,14.952,17.89
Eriachne obtusa,,,,47.092,1741.715,14.157,17.277
Eriachne obtusa,,,,52.634,2175.811,14.773,17.378
Eriachne obtusa,,,,48.255,1828.872,13.021,15.857
Eriachne obtusa,,,,42.193,1398.208,12.513,16.806
Eriachne obtusa,,,,50.122,1973.103,16.648,18.675
Eriachne obtusa,,,,46.365,1688.411,15.487,17.411
Eriachne obtusa,,,,,,16.328,18.234
Eriachne pallescens,244.419,46920.105,9,30.329,722.441,13.401,23.98
Eriachne pallescens,,,,33.073,859.072,12.507,26.016
Eriachne pallescens,,,,30.485,729.883,9.879,22.885
Eriachne pallescens,,,,34.436,931.366,9.497,14.93
Eriachne pallescens,,,,31.793,793.875,17.141,26.284
Eriachne pallescens,,,,27.243,582.928,14.502,23.217
Eriachne pallescens,,,,35.073,966.155,18.16,24.946
Eriachne pallescens,,,,33.906,902.928,11.14,20.939
Eriachne pallescens,,,,31.74,791.255,12.668,27.195
Eustachys glauca,455.548,162988.815,13,36.561,1049.863,5.515,12.963
Eustachys glauca,,,,35.643,997.81,5.75,13.73
Eustachys glauca,,,,37.631,1112.199,4.959,14.844
Eustachys glauca,,,,38.081,1138.969,2.623,10.624
Eustachys glauca,,,,40.785,1306.469,9.22,13.314
Eustachys glauca,,,,38.055,1137.408,9.425,14.344
Eustachys glauca,,,,42.05,1388.752,9.199,13.019
Eustachys glauca,,,,40.363,1279.552,10.887,14.068
Eustachys glauca,,,,35.902,1012.317,10.352,15.848
Eustachys glauca,,,,38.777,1180.96,,
Eustachys glauca,,,,26.084,534.355,,
Eustachys glauca,,,,19.384,295.117,,
Eustachys glauca,,,,20.216,320.896,,
Glyceria striata,96.928,7378.852,1,50.748,2022.663,4.476,8.849
Glyceria striata,,,,,,4.662,9.223
Glyceria striata,,,,,,4.723,10.715
Glyceria striata,,,,,,3.62,9.585
Glyceria striata,,,,,,3.846,6.676
Glyceria striata,,,,,,3.717,8.823
Glyceria striata,,,,,,3.129,8.633
Glyceria striata,,,,,,2.818,7.417
Glyceria striata,,,,,,4.295,8.997
Guadella sp.,142.068,15851.894,7,32.272,817.973,6.838,11.408
Guadella sp.,,,,28.816,652.15,7.448,11.951
Guadella sp.,,,,24.261,462.271,5.97,11.135
Guadella sp.,,,,24.919,487.7,6.032,10.865
Guadella sp.,,,,31.35,771.895,5.232,12.161
Guadella sp.,,,,19.774,307.087,6.375,11.692
Guadella sp.,,,,14.626,168.003,6.337,10.12
Guadella sp.,,,,,,5.457,10.773
Hackelochloa granularis,351.542,97060.781,14,40.388,1281.114,7.117,18.26
Hackelochloa granularis,,,,38.634,1172.291,4.624,12.953
Hackelochloa granularis,,,,39.131,1202.657,7.432,15.254
Hackelochloa granularis,,,,37.406,1098.929,11.863,20.126
Hackelochloa granularis,,,,36.187,1028.48,10.166,13.963
Hackelochloa granularis,,,,41.83,1374.266,9.304,14.282
Hackelochloa granularis,,,,34.904,956.868,,
Hackelochloa granularis,,,,42.071,1390.157,,
Hackelochloa granularis,,,,42.565,1422.965,,
Hackelochloa granularis,,,,48.48,1845.96,,
Hackelochloa granularis,,,,46.644,1708.763,,
Hackelochloa granularis,,,,37.723,1117.628,,
Hackelochloa granularis,,,,42.179,1397.274,,
Hackelochloa granularis,,,,34.193,918.274,,
Hesperostipa neomexicana,459.896,166115.038,10,41.854,1375.795,6.985,19.885
Hesperostipa neomexicana,,,,35.304,978.907,9.247,22.073
Hesperostipa neomexicana,,,,33.755,894.87,7.019,15.398
Hesperostipa neomexicana,,,,31.287,768.814,8.107,16.892
Hesperostipa neomexicana,,,,29.275,673.128,11.002,20.372
Hesperostipa neomexicana,,,,31.287,768.814,10.712,23.561
Hesperostipa neomexicana,,,,36.911,1070.016,9.894,18.581
Hesperostipa neomexicana,,,,31.574,782.959,,
Hesperostipa neomexicana,,,,34.184,917.751,,
Hesperostipa neomexicana,,,,30.689,739.692,,
Hordeum vulgare,190.216,28417.378,4,37.73,1118.055,2.917,13.579
Hordeum vulgare,,,,36.848,1066.418,2.23,6.998
Hordeum vulgare,,,,34.932,958.351,3.332,13.06
Hordeum vulgare,,,,33.979,906.789,4.529,10.757
Hordeum vulgare,,,,,,3.599,11.991
Hordeum vulgare,,,,,,2.876,9.446
Hordeum vulgare,,,,,,2.612,7.857
Hordeum vulgare,,,,,,2.323,7.25
Hordeum vulgare,,,,,,2.291,11.599
Hordeum vulgare,,,,,,2.467,11.16
Hordeum vulgare,,,,,,2.93,9.351
Isachne polygonoides,123.506,11980.241,6,27.794,606.732,2.496,10.502
Isachne polygonoides,,,,31.133,810.94,2.34,9.339
Isachne polygonoides,,,,28.786,650.787,2.032,11.933
Isachne polygonoides,,,,28.659,645.075,2.077,9.365
Isachne polygonoides,,,,27.528,595.149,2.674,8.542
Isachne polygonoides,,,,22.342,392.043,2.34,7.094
Isachne polygonoides,,,,,,2.305,9.292
Isachne polygonoides,,,,,,3.564,9.558
Leersia oryzoides,160.72,20287.563,4,30.03,708.283,5.09,11.526
Leersia oryzoides,,,,41.747,1368.826,5.344,11.511
Leersia oryzoides,,,,38.582,1169.134,4.603,9.5
Leersia oryzoides,,,,43.966,1518.179,4.242,8.202
Leersia oryzoides,,,,,,5.457,9.81
Leersia oryzoides,,,,,,5.854,11.976
Leersia oryzoides,,,,,,4.791,9.878
Leersia oryzoides,,,,,,5.922,10.521
Leersia oryzoides,,,,,,4.923,10.264
Leersia oryzoides,,,,,,4.857,9.972
Leersia oryzoides,,,,,,4.655,10.558
Leersia oryzoides,,,,,,5.365,10.703
Leptaspis zeylanica,247.255,48015.323,9,21.978,379.37,6.085,9.084
Leptaspis zeylanica,,,,23.431,431.192,5.738,8.272
Leptaspis zeylanica,,,,27.415,590.296,3.887,8.134
Leptaspis zeylanica,,,,29.247,671.814,4.83,9.696
Leptaspis zeylanica,,,,26.526,552.625,4.897,8.38
Leptaspis zeylanica,,,,22.487,397.137,4.302,8.969
Leptaspis zeylanica,,,,25.801,522.846,4.264,7.542
Leptaspis zeylanica,,,,29.113,665.692,,
Leptaspis zeylanica,,,,26.577,554.742,,
Leptaspis zeylanica,,,,25.216,499.398,,
Leymus salinus,276.619,60097.227,6,41.158,1330.441,8.836,21.835
Leymus salinus,,,,38.569,1168.36,11.522,26.736
Leymus salinus,,,,36.118,1024.549,10.699,22.017
Leymus salinus,,,,39.394,1218.831,7.836,23.684
Leymus salinus,,,,38.141,1142.554,9.262,19.714
Leymus salinus,,,,34.315,924.835,10.106,21.215
Leymus salinus,,,,,,10.406,24.181
Melica nitens,294.342,68044.563,6,41.036,1322.549,4.275,18.358
Melica nitens,,,,37.436,1100.69,3.27,20.202
Melica nitens,,,,33.524,882.698,3.795,20.626
Melica nitens,,,,35.785,1005.734,3.321,16.732
Melica nitens,,,,42.294,1404.894,3.651,18.718
Melica nitens,,,,37.145,1083.678,4.518,17.685
Melica nitens,,,,,,4.826,15.283
Melica nitens,,,,,,3.189,14.501
Melica nitens,,,,,,3.131,11.408
Melica nitens,,,,,,4.123,12.781
Melica nitens,,,,,,3.556,13.748
Merxmuellera disticha,281.533,62251.291,11,23.737,442.544,5.008,9.156
Merxmuellera disticha,,,,25.125,495.813,5.18,8.154
Merxmuellera disticha,,,,24.568,474.053,9.771,13.961
Merxmuellera disticha,,,,22.647,402.807,5.683,9.098
Merxmuellera disticha,,,,21.516,363.584,6.25,12.706
Merxmuellera disticha,,,,22.371,393.049,5.62,11.398
Merxmuellera disticha,,,,20.619,333.91,5.639,9.405
Merxmuellera disticha,,,,21.836,374.496,9.815,12.958
Merxmuellera disticha,,,,24.563,473.874,11.988,16.467
Merxmuellera disticha,,,,25.238,500.278,13.262,19.022
Merxmuellera disticha,,,,23.264,425.081,,
Nardus stricta,263.951,54718.597,5,42.158,1395.88,9.74,16.162
Nardus stricta,,,,43.618,1494.21,12.246,18.432
Nardus stricta,,,,41.986,1384.549,11.862,14.479
Nardus stricta,,,,43.094,1458.54,11.853,15.702
Nardus stricta,,,,46.318,1684.948,10.978,16.525
Nardus stricta,,,,,,10.946,15.449
Nardus stricta,,,,,,11.806,17.173
Neyraudia reynoundiana,651.121,332976.169,16,49.556,1928.756,3.716,14.434
Neyraudia reynoundiana,,,,49.899,1955.538,3.024,15.699
Neyraudia reynoundiana,,,,49.323,1910.654,2.69,12.317
Neyraudia reynoundiana,,,,54.999,2375.724,3.204,14.721
Neyraudia reynoundiana,,,,52.496,2164.41,3.087,13.105
Neyraudia reynoundiana,,,,56.717,2526.485,3.532,13.935
Neyraudia reynoundiana,,,,48.989,1884.932,3.452,14.972
Neyraudia reynoundiana,,,,49.559,1928.977,2.833,11.83
Neyraudia reynoundiana,,,,50.041,1966.701,,
Neyraudia reynoundiana,,,,53.698,2264.637,,
Neyraudia reynoundiana,,,,44.71,1570.015,,
Neyraudia reynoundiana,,,,49.772,1945.664,,
Neyraudia reynoundiana,,,,58.381,2676.899,,
Neyraudia reynoundiana,,,,59.338,2765.356,,
Neyraudia reynoundiana,,,,48.277,1830.489,,
Neyraudia reynoundiana,,,,44.991,1589.826,,
Olyra latifolia,254.349,50809.954,11,37.467,1102.524,4.13,10.744
Olyra latifolia,,,,34.833,952.969,6.984,16.791
Olyra latifolia,,,,36.019,1018.952,6.558,14.154
Olyra latifolia,,,,22.196,386.927,6.663,13.646
Olyra latifolia,,,,35.121,968.796,7.053,17.45
Olyra latifolia,,,,27.665,601.114,6.6,15.391
Olyra latifolia,,,,30.532,732.158,6.078,15.011
Olyra latifolia,,,,37.023,1067.55,5.925,15.351
Olyra latifolia,,,,25.663,517.269,5.22,14.553
Olyra latifolia,,,,36.735,1059.842,,
Olyra latifolia,,,,36.72,1059.003,,
Oplismenus hirtellus,202.405,32175.998,7,39.94,1252.88,11.921,14.187
Oplismenus hirtellus,,,,34.063,911.307,11.211,13.508
Oplismenus hirtellus,,,,35.792,1006.152,10.438,13.048
Oplismenus hirtellus,,,,22.705,404.892,10.129,12.561
Oplismenus hirtellus,,,,35.198,973.02,11.858,15.62
Oplismenus hirtellus,,,,33.829,898.814,13.3,16.672
Oplismenus hirtellus,,,,35.807,1006.976,10.664,11.738
Oplismenus hirtellus,,,,,,6.926,11.805
Oplismenus hirtellus,,,,,,12.309,13.987
Oplismenus hirtellus,,,,,,9.777,10.229
Oryza sativa,325.683,83306.848,6,61.532,2973.643,10.105,17.589
Oryza sativa,,,,61.611,2981.287,7.686,10.621
Oryza sativa,,,,52.937,2200.928,6.375,10.314
Oryza sativa,,,,64.293,3246.529,6.565,12.604
Oryza sativa,,,,62.861,3103.494,7.633,12.477
Oryza sativa,,,,60.094,2836.328,7.993,13.273
Oryza sativa,,,,,,8.299,14.117
Oryza sativa,,,,,,7.181,12.071
Oryza sativa,,,,,,7.938,12.425
Oryza sativa,,,,,,6.154,11.292
Oryza sativa,,,,,,10.658,14.29
Otatea acuminata,623.492,305317.419,12,73.533,4246.783,8.028,13.883
Otatea acuminata,,,,58.677,2704.163,9.088,14.746
Otatea acuminata,,,,52.825,2191.62,8.227,13.883
Otatea acuminata,,,,69.199,3760.866,6.116,12.921
Otatea acuminata,,,,67.999,3318.215,8.786,14.058
Otatea acuminata,,,,78.535,4844.195,8.435,13.017
Otatea acuminata,,,,71.369,4000.496,7.846,13.804
Otatea acuminata,,,,69.626,3807.461,8.865,14.625
Otatea acuminata,,,,66.45,3467.984,6.869,12.619
Otatea acuminata,,,,73.216,4210.173,9.348,14.251
Otatea acuminata,,,,53.463,2244.871,10.945,15.905
Otatea acuminata,,,,51.299,2066.812,7.458,14.567
Otatea acuminata,,,,,,7.044,13.308
Panicum virgatum,498.021,194797.969,14,19.234,290.544,4.768,22.34
Panicum virgatum,,,,35.752,1003.902,3.577,22.148
Panicum virgatum,,,,44.391,1547.667,4.611,23.468
Panicum virgatum,,,,36.725,1059.275,4.714,22.546
Panicum virgatum,,,,35.053,965.037,4.914,27.236
Panicum virgatum,,,,35.348,981.32,4.45,19.619
Panicum virgatum,,,,38.263,1149.881,4.238,23.182
Panicum virgatum,,,,35.076,966.272,5.31,23.603
Panicum virgatum,,,,43.068,1456.807,6.622,31.033
Panicum virgatum,,,,36.17,1027.519,5.43,23.555
Panicum virgatum,,,,46.379,1689.365,6.699,32.617
Panicum virgatum,,,,23.532,434.904,3.522,27.848
Panicum virgatum,,,,24.834,484.39,4.304,30.153
Panicum virgatum,,,,23.528,434.759,4.427,30.378
Panicum virgatum,,,,,,3.342,27.343
Panicum virgatum,,,,,,6.223,27.059
Panicum virgatum,,,,,,5.071,25.425
Panicum virgatum,,,,,,5.436,28.293
Panicum virgatum,,,,,,3.848,28.591
Panicum virgatum,,,,,,3.231,28.919
Panicum virgatum,,,,,,3.814,28.531
Panicum virgatum,,,,,,3.797,23.168
Panicum virgatum,,,,,,3.535,20.86
Panicum virgatum,,,,,,4.904,28.494
Panicum virgatum,,,,,,4.016,24.186
Panicum virgatum,,,,,,3.467,20.735
Panicum virgatum,,,,,,4.064,25.202
Panicum virgatum,,,,,,4.762,28.338
Panicum virgatum,,,,,,4.882,26.83
Panicum virgatum,,,,,,3.333,26.272
Panicum virgatum,,,,,,4.441,26.464
Panicum virgatum,,,,,,4.824,25.223
Panicum virgatum,,,,,,6.108,24.098
Panicum virgatum,,,,,,4.304,22.678
Panicum virgatum,,,,,,5.68,21.783
Panicum virgatum,,,,,,6.112,22.856
Panicum virgatum,,,,,,4.937,24.141
Panicum virgatum,,,,,,4.982,29.254
Panicum virgatum,,,,,,4.264,20.246
Panicum virgatum,,,,,,5.887,26.185
Panicum virgatum,,,,,,5.646,17.983
Panicum virgatum,,,,,,5.05,18.879
Panicum virgatum,,,,,,4.264,25.473
Pariana radiciflora,182.834,26254.437,10,23.463,432.387,7.295,11.105
Pariana radiciflora,,,,13.137,135.551,7.203,22.677
Pariana radiciflora,,,,28.208,624.918,7.279,22.162
Pariana radiciflora,,,,23.93,449.756,7.331,10.787
Pariana radiciflora,,,,22.348,392.252,4.56,11.125
Pariana radiciflora,,,,24.606,475.531,4.974,12.253
Pariana radiciflora,,,,12.661,125.908,4.455,9.835
Pariana radiciflora,,,,23.006,415.679,4.45,9.677
Pariana radiciflora,,,,24.824,483.979,,
Pariana radiciflora,,,,27.562,596.617,,
Patis racemosum,175.935,24310.451,7,27.165,579.563,4.252,11.146
Patis racemosum,,,,17.985,254.038,5.29,13.741
Patis racemosum,,,,26.872,567.131,3.592,9.95
Patis racemosum,,,,27.767,605.558,4.433,12.775
Patis racemosum,,,,29.202,669.759,4.962,13.4
Patis racemosum,,,,29.751,695.157,4.97,12.222
Patis racemosum,,,,26.871,567.111,4.524,12.035
Pharus lappulaceus,372.184,108794.919,24,36.792,1063.175,8.628,10.53
Pharus lappulaceus,,,,30.453,728.363,8.162,10.024
Pharus lappulaceus,,,,32.05,806.747,9.412,11.977
Pharus lappulaceus,,,,37.667,1114.326,10.992,14.15
Pharus lappulaceus,,,,37.515,1105.364,11.328,12.832
Pharus lappulaceus,,,,34.272,922.508,9.839,12.048
Pharus lappulaceus,,,,35.751,1003.848,10.625,14.81
Pharus lappulaceus,,,,32.507,829.933,7.715,12.166
Pharus lappulaceus,,,,23.678,440.343,8.764,10.734
Pharus lappulaceus,,,,32.132,810.908,10.402,12.385
Pharus lappulaceus,,,,21.224,353.784,10.342,12.192
Pharus lappulaceus,,,,22.922,412.65,9.847,11.39
Pharus lappulaceus,,,,24.062,454.724,10.416,12.717
Pharus lappulaceus,,,,17.18,213.817,,
Pharus lappulaceus,,,,33.411,876.734,,
Pharus lappulaceus,,,,38.707,1176.694,,
Pharus lappulaceus,,,,34.691,945.223,,
Pharus lappulaceus,,,,39.868,1248.358,,
Pharus lappulaceus,,,,42.915,1446.455,,
Pharus lappulaceus,,,,33.403,876.315,,
Pharus lappulaceus,,,,25.192,498.432,,
Pharus lappulaceus,,,,20.92,343.742,,
Pharus lappulaceus,,,,26.537,553.096,,
Pharus lappulaceus,,,,23.484,433.142,,
Pharus lappulaceus,,,,20.196,320.347,,
Pharus latifolius,416.611,136317.586,14,33.146,862.888,8.283,15.428
Pharus latifolius,,,,26.282,542.497,8.72,13.19
Pharus latifolius,,,,28.978,659.53,5.365,11.5
Pharus latifolius,,,,33.829,898.822,6.638,13.205
Pharus latifolius,,,,33.634,888.473,10.432,15.728
Pharus latifolius,,,,24.837,484.513,10.416,12.997
Pharus latifolius,,,,26.917,569.044,8.487,14.318
Pharus latifolius,,,,30.301,721.101,,
Pharus latifolius,,,,33.655,889.591,,
Pharus latifolius,,,,32.313,820.037,,
Pharus latifolius,,,,34.193,918.245,,
Pharus latifolius,,,,28.565,640.835,,
Pharus latifolius,,,,30.953,752.485,,
Pharus latifolius,,,,33.667,890.215,,
Pharus latifolius,,,,31.178,763.484,,
Phragmites australis,195.37,29978.212,9,23.329,427.45,1.959,15.025
Phragmites australis,,,,25.483,510.037,2.542,12.657
Phragmites australis,,,,23.42,430.783,2.163,18.118
Phragmites australis,,,,28.891,655.556,3.913,10.276
Phragmites australis,,,,29.355,676.793,2.022,13.212
Phragmites australis,,,,17.572,242.498,2.564,15.239
Phragmites australis,,,,32.427,825.855,2.692,9.586
Phragmites australis,,,,31.305,769.693,1.817,11.787
Phragmites australis,,,,31.628,785.636,3.065,9.487
Phragmites australis,,,,,,1.847,8.599
Phyllostachys aurea,638.359,320051.366,11,60.963,2918.957,8.934,16.391
Phyllostachys aurea,,,,60.787,2902.05,8.99,12.581
Phyllostachys aurea,,,,47.5,1772.063,10.278,16.941
Phyllostachys aurea,,,,59.501,2780.575,8.849,16.698
Phyllostachys aurea,,,,55.287,2400.702,8.937,13.822
Phyllostachys aurea,,,,39.574,1230.015,8.293,14.318
Phyllostachys aurea,,,,50.405,1995.453,7.785,13.006
Phyllostachys aurea,,,,66.606,3484.285,7.007,14.483
Phyllostachys aurea,,,,58.719,2707.946,7.861,10.717
Phyllostachys aurea,,,,61.773,2996.973,8.789,12.405
Phyllostachys aurea,,,,59.63,2792.713,,
Phyllostachys aurea,,,,55.201,2393.208,,
Poa pratensis,426.106,142601.997,11,31.736,791.024,8.537,13.55
Poa pratensis,,,,27.033,573.955,5.084,13.492
Poa pratensis,,,,28.701,646.961,6.766,15.139
Poa pratensis,,,,30.69,739.768,7.006,16.42
Poa pratensis,,,,29.74,694.675,8.455,17.416
Poa pratensis,,,,36.029,1019.518,5.034,12.903
Poa pratensis,,,,19.803,307.999,7.429,16.297
Poa pratensis,,,,25.865,525.057,7.374,15.122
Poa pratensis,,,,31.771,792.785,5.532,16.073
Poa pratensis,,,,27.137,578.368,6.901,18.216
Poa pratensis,,,,31.283,768.614,,
Raddia brasiliensis,288.101,65189.577,13,23.59,437.062,11.984,20.828
Raddia brasiliensis,,,,30.333,722.661,11.845,19.239
Raddia brasiliensis,,,,29.911,702.683,10.615,17.128
Raddia brasiliensis,,,,23.186,422.241,11.115,18.44
Raddia brasiliensis,,,,28.366,631.972,10.702,20.099
Raddia brasiliensis,,,,29.771,696.111,11.391,19.702
Raddia brasiliensis,,,,27.115,577.446,12.242,20.728
Raddia brasiliensis,,,,26.804,564.259,10.401,16.711
Raddia brasiliensis,,,,31.785,793.456,,
Raddia brasiliensis,,,,33.711,892.572,,
Raddia brasiliensis,,,,36.062,1021.405,,
Raddia brasiliensis,,,,24.251,461.915,,
Raddia brasiliensis,,,,36.482,1045.314,,
Rhytidosperma setifolium,288.806,65509.326,9,31.46,777.324,3.658,11.152
Rhytidosperma setifolium,,,,29.815,698.176,4.996,13.386
Rhytidosperma setifolium,,,,24.228,461.034,3.567,13.752
Rhytidosperma setifolium,,,,34.903,956.763,4.543,15.456
Rhytidosperma setifolium,,,,35.909,1012.736,6.107,16.174
Rhytidosperma setifolium,,,,31.807,794.588,2.522,10.382
Rhytidosperma setifolium,,,,29.34,676.08,3.381,10.135
Rhytidosperma setifolium,,,,27.447,591.67,3.607,12.981
Scolochloa festucacea,117.229,10793.475,1,44.066,1525.121,3.932,14.987
Scolochloa festucacea,,,,,,3.152,20.41
Scolochloa festucacea,,,,,,3.945,20.088
Scolochloa festucacea,,,,,,5.537,18.008
Scolochloa festucacea,,,,,,4.37,15.882
Scolochloa festucacea,,,,,,3.345,11.878
Setaria italica,246.412,47688.561,6,39.753,1241.167,2.535,18.561
Setaria italica,,,,45.742,1643.283,1.897,10.944
Setaria italica,,,,48.278,1830.541,1.754,14.139
Setaria italica,,,,44.258,1538.423,1.451,14.239
Setaria italica,,,,40.903,1314.037,1.889,12.749
Setaria italica,,,,42.152,1395.492,1.754,14.496
Setaria italica,,,,,,2.369,13.402
Sorghum bicolor,346.555,94326.766,6,66.519,3475.187,5.522,13.373
Sorghum bicolor,,,,67.727,3602.584,6.421,11.776
Sorghum bicolor,,,,66.208,3442.767,4.845,16.093
Sorghum bicolor,,,,61.654,2985.422,3.562,16.344
Sorghum bicolor,,,,67.671,3596.609,4.269,17.599
Sorghum bicolor,,,,49.628,1934.375,4.023,12.132
Sorghum bicolor,,,,,,4.594,16.876
Sorghum bicolor,,,,,,4.537,16.761
Spartina pectinata,463.644,168833.469,12,33.447,878.642,1.668,7.563
Spartina pectinata,,,,31.118,760.532,1.187,7.835
Spartina pectinata,,,,31.634,785.94,1.622,6.659
Spartina pectinata,,,,31.279,768.415,1.967,8.199
Spartina pectinata,,,,34.706,946.019,2.052,8.615
Spartina pectinata,,,,32.009,804.713,1.835,7.649
Spartina pectinata,,,,30.891,749.463,1.369,7.194
Spartina pectinata,,,,31.426,775.647,1.352,7.124
Spartina pectinata,,,,32.278,818.266,1.511,7.283
Spartina pectinata,,,,30.443,727.892,1.833,8.067
Spartina pectinata,,,,29.674,691.562,,
Spartina pectinata,,,,29.15,667.349,,
Steinchisma decipens,275.544,59630.879,12,31.728,790.647,1.007,10.657
Steinchisma decipens,,,,36.391,1040.125,0.995,14.205
Steinchisma decipens,,,,35.561,993.219,0.846,7.595
Steinchisma decipens,,,,27.761,605.306,0.99,12.914
Steinchisma decipens,,,,34.917,957.57,1.135,10.296
Steinchisma decipens,,,,33.771,895.717,1.629,12.485
Steinchisma decipens,,,,29.854,700,1.263,8.558
Steinchisma decipens,,,,37.279,1091.466,1.502,4.962
Steinchisma decipens,,,,38.267,1150.133,1.135,12.165
Steinchisma decipens,,,,31.031,756.298,,
Steinchisma decipens,,,,29.239,671.468,,
Steinchisma decipens,,,,34.731,947.361,,
Steinchisma laxum,181.774,25951.061,6,28.894,655.693,2.263,10.481
Steinchisma laxum,,,,28.08,619.289,3.496,9.847
Steinchisma laxum,,,,28.23,625.903,3.772,15.393
Steinchisma laxum,,,,31.338,771.297,2.951,12.892
Steinchisma laxum,,,,33.645,889.05,3.534,12.166
Steinchisma laxum,,,,33.068,858.81,3.595,13.318
Stipagrostis hirtigluma,294.299,68024.92,7,53.653,2260.895,10.006,21.215
Stipagrostis hirtigluma,,,,50.402,1995.17,13.384,20.871
Stipagrostis hirtigluma,,,,47.104,1742.662,10.964,21.758
Stipagrostis hirtigluma,,,,52.639,2094.328,13.693,19.524
Stipagrostis hirtigluma,,,,53.834,2276.146,9.832,15.864
Stipagrostis hirtigluma,,,,33.595,886.419,7.261,17.92
Stipagrostis hirtigluma,,,,31.211,765.06,,
Streptochaeta spicata,428.048,143904.536,33,24.479,470.635,10.384,30.072
Streptochaeta spicata,,,,31.502,779.41,10.289,21.381
Streptochaeta spicata,,,,28.288,628.492,11.483,26.376
Streptochaeta spicata,,,,23.415,430.595,6.782,25.461
Streptochaeta spicata,,,,29.88,701.236,8.262,32.165
Streptochaeta spicata,,,,34.038,909.941,11.64,30.271
Streptochaeta spicata,,,,20.444,328.271,5.419,29.698
Streptochaeta spicata,,,,25.974,529.848,10.893,29.985
Streptochaeta spicata,,,,20.747,338.05,8.44,26.927
Streptochaeta spicata,,,,29.77,696.058,11.14,24.115
Streptochaeta spicata,,,,29.925,703.333,8.478,26.601
Streptochaeta spicata,,,,35.361,982.077,,
Streptochaeta spicata,,,,30.378,724.779,,
Streptochaeta spicata,,,,27.214,581.649,,
Streptochaeta spicata,,,,30.433,727.431,,
Streptochaeta spicata,,,,23.878,447.796,,
Streptochaeta spicata,,,,28.143,622.067,,
Streptochaeta spicata,,,,30.268,719.527,,
Streptochaeta spicata,,,,27.398,589.573,,
Streptochaeta spicata,,,,23.478,432.932,,
Streptochaeta spicata,,,,23.953,450.605,,
Streptochaeta spicata,,,,26.253,541.304,,
Streptochaeta spicata,,,,26.736,561.398,,
Streptochaeta spicata,,,,30.413,726.466,,
Streptochaeta spicata,,,,21.555,364.894,,
Streptochaeta spicata,,,,27.383,588.913,,
Streptochaeta spicata,,,,27.797,606.853,,
Streptochaeta spicata,,,,27.168,579.699,,
Streptochaeta spicata,,,,33.78,896.23,,
Streptochaeta spicata,,,,27.393,589.364,,
Streptochaeta spicata,,,,20.586,332.83,,
Streptochaeta spicata,,,,24.794,482.815,,
Streptochaeta spicata,,,,24.853,485.111,,
Streptogyna americana,490.034,188600.565,17,32.763,843.049,13.101,19.727
Streptogyna americana,,,,35.285,977.867,13.101,19.561
Streptogyna americana,,,,36.476,1044.977,14.166,17.215
Streptogyna americana,,,,32.427,825.862,12.389,20.085
Streptogyna americana,,,,22.655,403.102,14.297,17.706
Streptogyna americana,,,,24.95,488.907,11.98,15.411
Streptogyna americana,,,,24.022,453.207,12.766,17.651
Streptogyna americana,,,,28.068,618.759,14.561,16.644
Streptogyna americana,,,,30.467,729.058,13.301,16.005
Streptogyna americana,,,,32.569,833.116,19.313,24.187
Streptogyna americana,,,,29.058,663.17,12.929,16.354
Streptogyna americana,,,,27.676,601.572,,
Streptogyna americana,,,,28.13,621.489,,
Streptogyna americana,,,,19.524,299.382,,
Streptogyna americana,,,,22.971,414.413,,
Streptogyna americana,,,,27.529,595.202,,
Streptogyna americana,,,,36.059,1021.237,,
Triticum aestivum,196.187,30229.4,4,35.251,975.945,7.375,15.957
Triticum aestivum,,,,41.572,1357.327,8.129,15.671
Triticum aestivum,,,,38.816,1183.362,10.07,17.547
Triticum aestivum,,,,54.353,2320.259,9.027,17.106
Triticum aestivum,,,,,,10.996,17.053
Triticum aestivum,,,,,,7.773,17.352
Triticum aestivum,,,,,,8.744,14.239
Triticum aestivum,,,,,,7.262,11.986
Triticum aestivum,,,,,,7.3,11.583
Urochloa repens,309.323,75147.553,,30.571,734.035,8.66,13.427
Urochloa repens,,,,45.21,1677.138,7.259,13.736
Urochloa repens,,,,49.817,1949.164,7.34,14.686
Urochloa repens,,,,35.244,975.554,7.447,15.372
Urochloa repens,,,,42.539,1421.216,6.421,14.005
Urochloa repens,,,,31.856,797.029,8.036,12.698
Urochloa repens,,,,33.79,1181.761,8.84,13.956
Urochloa repens,,,,,,7.189,14.514
Urochloa repens,,,,,,8.028,14.573
Urochloa repens,,,,,,7.667,16.285
Urochloa repens,,,,,,7.531,14.558
Urochloa repens,,,,,,7.125,14.94
Urochloa repens,,,,,,7.88,12.828
Urochloa repens,,,,,,9.973,15.155
Zea mays,510.474,204662.288,5,92.447,6712.405,12.873,23.408
Zea mays,,,,91.182,6529.962,12.189,17.177
Zea mays,,,,97.054,7398.11,17.213,19.489
Zea mays,,,,92.944,6784.673,13.276,16.615
Zea mays,,,,92.227,6680.434,12.84,18.426
Zea mays,,,,,,12.206,15.147
Zea mays,,,,,,10.485,14.447
Zea mays,,,,,,12.322,17.974
Zea mays,,,,,,15.258,21.64
Zea mays,,,,,,13.806,18.924
Zea mays,,,,,,9.523,16.563
Zea mays,,,,,,12.695,17.573
Zea mays,,,,,,11.338,17.522
Zea mays,,,,,,10.607,17.081
Zea mays,,,,,,15.571,21.578
Zea mays,,,,,,9.159,16.336
Zea mays,,,,,,14.541,20.736
Zea mays,,,,,,12.695,17.974
Zea mays,,,,,,14.417,19.28
Zea mays,,,,,,10.201,15.951
